Method,Avg R2 Score,Avg MAE,Avg RMSE
Gradient Boosting,0.9993938701511029,0.00096278238769434,0.001158675009922879
Random Forest,0.8059303287787244,0.01819244762189967,0.022320084499335903
Polynomial Regression,0.08348286422754389,0.03918175428401208,0.049209801818452734
Linear Regression,0.035766195201916914,0.04069568348331479,0.05039763287583422
